,Unnamed: 0,ADVERTISEMENT_PK,REPORT_DATE,ACCOUNT_ID,CAMPAIGN_ID,AD_GROUP_ID,BRAND,SUBCATEGORY_NAME,ACCOUNT_NAME,CAMPAIGN_NAME,AD_GROUP_NAME,PROFILE_ID,KEYWORD_ID,KEYWORD_TEXT,MATCH_TYPE,COUNTRY,STATUS,BID,CLICKS,SPEND,SPEND_USD,CPC,CPC_USD,ROAS,ACOS_PERCENT,CTR,IMPRESSIONS,SALES,SALES_USD,CONVERSIONS,ORDERS,AD_ATTRIBUTED_CP,AVG_BSR_RANK,MODE_BSR_RANK,MAX_BSR_RANK,MIN_BSR_RANK,PAGE_VIEWS,SESSIONS,ORGANIC_CONVERSIONS,UNITS_SOLD,PRODUCT_REVENUE,TACOS,ORDERED_PRODUCT_SALES,TOTAL_COST,MIN_SELLING_PRICE,MAX_SELLING_PRICE,AVG_SELLING_PRICE,MEDIAN_SELLING_PRICE,MAX_TARGET_ACOS,AVG_TARGET_ACOS,MEDIAN_TARGET_ACOS,KEYWORD_BID_DATA_AVAILABLE,ADGROUP_BID_DATA_AVAILABLE,RECORD_CREATED_TIMESTAMP_UTC,RECORD_UPDATED_TIMESTAMP_UTC
0,0,ae8dafe8905792f378e5f63cc3dd67c8,2022-06-13,A2X1DP8SAXMPTH,271851594709577,157188419817864,HTS,Air,The Hatha Company,HYDY_HTS_Amazon_Search_US_NonBrand_EVG_SP_KEY_[Purifier - HSP001]_HV,air purifier,2882575957154979,177620140515274,air purifier,PHRASE,United States,enabled,3.0,28,78.38,78.38,2.799285714285714,2.799285714285714,0.0,0.0,0.001883,14866,0.0,0.0,0,0,-78.38,16.0,16.0,16.0,16.0,4919.0,2158.0,0.05,92.0,21134.44,0.0044089173879222,24827.42,-13101.60907895261,229.72217391304343,229.72217391304343,229.72217391304343,229.72217391304343,30.41,30.41,30.41,0,1,2022-09-21 19:27:45.771,2022-09-21 19:27:45.771
1,1,f6fc8facf3f3c7bfe22e26e97290fbac,2022-06-14,A2X1DP8SAXMPTH,271851594709577,157188419817864,HTS,Air,The Hatha Company,HYDY_HTS_Amazon_Search_US_NonBrand_EVG_SP_KEY_[Purifier - HSP001]_HV,air purifier,2882575957154979,177620140515274,air purifier,PHRASE,United States,enabled,3.0,22,64.62,64.62,2.9372727272727275,2.9372727272727275,0.0,0.0,0.001131,19438,0.0,0.0,0,0,-64.62,16.0,16.0,16.0,16.0,4427.0,1917.0,0.05,122.0,28047.28,0.0024109289742178,21122.94,-17222.286704996735,229.89573770491805,229.89573770491805,229.89573770491805,229.89573770491805,30.88,30.88,30.88,0,1,2022-09-21 19:27:45.771,2022-09-21 19:27:45.771
2,2,b8cfee45eb7810771abdafb527e9a469,2022-06-15,A2X1DP8SAXMPTH,271851594709577,157188419817864,HTS,Air,The Hatha Company,HYDY_HTS_Amazon_Search_US_NonBrand_EVG_SP_KEY_[Purifier - HSP001]_HV,air purifier,2882575957154979,177620140515274,air purifier,PHRASE,United States,enabled,3.0,23,66.02,66.02,2.870434782608696,2.870434782608696,3.483641320811876,14.352797947736857,0.001483,15501,229.99,229.99,2,2,163.97000000000003,18.0,18.0,18.0,18.0,4186.0,1815.0,0.05,105.0,24112.81,0.0031112093530368,20929.09,-15482.729537627432,229.6458095238096,229.6458095238096,229.6458095238096,229.6458095238096,28.63,28.63,28.63,0,1,2022-09-21 19:27:45.771,2022-09-21 19:27:45.771
3,3,1ee18cde2239dd7b79f28fbddb99b4f7,2022-06-16,A2X1DP8SAXMPTH,271851594709577,157188419817864,HTS,Air,The Hatha Company,HYDY_HTS_Amazon_Search_US_NonBrand_EVG_SP_KEY_[Purifier - HSP001]_HV,air purifier,2882575957154979,177620140515274,air purifier,PHRASE,United States,enabled,3.0,17,47.48,47.48,2.7929411764705883,2.7929411764705883,4.843934288121314,20.644375842427927,0.001284,13239,229.99,229.99,1,1,182.51,18.0,18.0,18.0,18.0,3391.0,1652.0,0.06,90.0,20239.12,0.0024941795888358,21122.930000000004,-13271.57068,224.8791111111111,224.8791111111111,224.8791111111111,224.8791111111111,27.54,27.54,27.54,0,1,2022-09-21 19:27:45.771,2022-09-21 19:27:45.771
4,4,c412a4f8358ce3f15225c38507ea5c24,2022-06-17,A2X1DP8SAXMPTH,271851594709577,157188419817864,HTS,Air,The Hatha Company,HYDY_HTS_Amazon_Search_US_NonBrand_EVG_SP_KEY_[Purifier - HSP001]_HV,air purifier,2882575957154979,177620140515274,air purifier,PHRASE,United States,enabled,3.0,11,31.2,31.2,2.8363636363636364,2.8363636363636364,0.0,0.0,0.000848,12958,0.0,0.0,0,0,-31.2,19.0,19.0,19.0,19.0,2306.0,1445.0,0.05,87.0,19306.01,0.0016160770661571,17398.739999999998,-11997.429207568735,221.90816091954025,221.90816091954025,221.90816091954025,221.90816091954025,30.29,30.29,30.29,0,1,2022-09-21 19:27:45.771,2022-09-21 19:27:45.771
5,5,27baa4a7d42ef178383efa77ca54d758,2022-06-18,A2X1DP8SAXMPTH,271851594709577,157188419817864,HTS,Air,The Hatha Company,HYDY_HTS_Amazon_Search_US_NonBrand_EVG_SP_KEY_[Purifier - HSP001]_HV,air purifier,2882575957154979,177620140515274,air purifier,PHRASE,United States,enabled,3.0,14,40.49,40.49,2.8921428571428573,2.8921428571428573,5.680167942701901,17.605113265794163,0.000914,15305,229.99,229.99,1,1,189.5,20.0,20.0,20.0,20.0,2546.0,1627.0,0.05,68.0,15374.830000000002,0.0028286491622996,19549.15,-11969.70362832355,226.1004411764706,226.1004411764706,226.1004411764706,226.1004411764706,17.72,17.72,17.72,0,1,2022-09-21 19:27:45.771,2022-09-21 19:27:45.771
6,6,6da9c7267c807772a2cb5cc9f4edbf17,2022-06-19,A2X1DP8SAXMPTH,271851594709577,157188419817864,HTS,Air,The Hatha Company,HYDY_HTS_Amazon_Search_US_NonBrand_EVG_SP_KEY_[Purifier - HSP001]_HV,air purifier,2882575957154979,177620140515274,air purifier,PHRASE,United States,enabled,3.0,7,20.92,20.92,2.988571428571429,2.988571428571429,0.0,0.0,0.000497,14078,0.0,0.0,0,0,-20.92,21.0,21.0,21.0,21.0,2645.0,1647.0,0.04,62.0,14029.39,0.0019188289726067,15167.84,-8373.36584,226.2804838709677,226.2804838709677,226.2804838709677,226.2804838709677,32.25,32.25,32.25,0,1,2022-09-21 19:27:45.771,2022-09-21 19:27:45.771
7,7,a9dff7e474bb6bf58f213dd60fd5e6d7,2022-06-20,A2X1DP8SAXMPTH,271851594709577,157188419817864,HTS,Air,The Hatha Company,HYDY_HTS_Amazon_Search_US_NonBrand_EVG_SP_KEY_[Purifier - HSP001]_HV,air purifier,2882575957154979,177620140515274,air purifier,PHRASE,United States,enabled,3.0,13,37.7,37.7,2.9000000000000004,2.9000000000000004,0.0,0.0,0.000774,16784,0.0,0.0,0,0,-37.7,25.0,25.0,25.0,25.0,2949.0,1849.0,0.05,107.0,24309.94,0.0015508059666128,24296.800000000003,-15470.719316647102,227.19570093457943,227.19570093457943,227.19570093457943,227.19570093457943,29.09,29.09,29.09,0,1,2022-09-21 19:27:45.771,2022-09-21 19:27:45.771
8,8,f89d7280f0e4cb5c1bb9ff09612e8a52,2022-06-21,A2X1DP8SAXMPTH,271851594709577,157188419817864,HTS,Air,The Hatha Company,HYDY_HTS_Amazon_Search_US_NonBrand_EVG_SP_KEY_[Purifier - HSP001]_HV,air purifier,2882575957154979,177620140515274,air purifier,PHRASE,United States,enabled,3.0,14,39.33,39.33,2.809285714285714,2.809285714285714,5.847698957538775,17.100743510587417,0.000704,19862,229.99,229.99,1,1,190.66000000000005,19.0,19.0,19.0,19.0,2919.0,1797.0,0.04,89.0,20313.050000000003,0.0023708896497571,15783.89,-12796.33780217314,228.2365168539326,228.2365168539326,228.2365168539326,228.2365168539326,29.6,29.6,29.6,0,1,2022-09-21 19:27:45.771,2022-09-21 19:27:45.771
9,9,8d5e5b75b59fa4a188989241092d9b9a,2022-06-22,A2X1DP8SAXMPTH,271851594709577,157188419817864,HTS,Air,The Hatha Company,HYDY_HTS_Amazon_Search_US_NonBrand_EVG_SP_KEY_[Purifier - HSP001]_HV,air purifier,2882575957154979,177620140515274,air purifier,PHRASE,United States,enabled,3.0,17,47.57,47.57,2.798235294117647,2.798235294117647,0.0,0.0,0.000729,23288,0.0,0.0,0,0,-47.57,24.0,24.0,24.0,24.0,2792.0,1735.0,0.06,80.0,18121.57,0.0031062430021239,24216.300000000003,-11379.222249290837,226.519625,226.519625,226.519625,226.519625,29.76,29.76,29.76,0,1,2022-09-21 19:27:45.771,2022-09-21 19:27:45.771
10,10,fa0bfb2cf5f101666f52e740fa8fc11f,2022-06-23,A2X1DP8SAXMPTH,271851594709577,157188419817864,HTS,Air,The Hatha Company,HYDY_HTS_Amazon_Search_US_NonBrand_EVG_SP_KEY_[Purifier - HSP001]_HV,air purifier,2882575957154979,177620140515274,air purifier,PHRASE,United States,enabled,3.0,21,61.05,61.05,2.907142857142857,2.907142857142857,0.0,0.0,0.001061,19783,0.0,0.0,0,0,-61.05,19.0,19.0,19.0,19.0,2516.0,1599.0,0.05,107.0,24470.93,0.0024947968875723,19754.5,-14965.610533294202,228.7002803738318,228.7002803738318,228.7002803738318,228.7002803738318,31.07,31.07,31.07,0,1,2022-09-21 19:27:45.771,2022-09-21 19:27:45.771
11,11,ad0686be8169fcb61d065289f592fc96,2022-06-24,A2X1DP8SAXMPTH,271851594709577,157188419817864,HTS,Air,The Hatha Company,HYDY_HTS_Amazon_Search_US_NonBrand_EVG_SP_KEY_[Purifier - HSP001]_HV,air purifier,2882575957154979,177620140515274,air purifier,PHRASE,United States,enabled,3.0,12,34.05,34.05,2.8375,2.8375,0.0,0.0,0.000698,17172,0.0,0.0,0,0,-34.05,22.0,22.0,22.0,22.0,2537.0,1610.0,0.05,75.0,17224.61,0.0023251614985767,21147.58,-10748.966394351772,229.66146666666668,229.66146666666668,229.66146666666668,229.66146666666668,30.08,30.08,30.08,0,1,2022-09-21 19:27:45.771,2022-09-21 19:27:45.771
12,12,ffdc4148579c603c42b5a889ab7a340e,2022-06-25,A2X1DP8SAXMPTH,271851594709577,157188419817864,HTS,Air,The Hatha Company,HYDY_HTS_Amazon_Search_US_NonBrand_EVG_SP_KEY_[Purifier - HSP001]_HV,air purifier,2882575957154979,177620140515274,air purifier,PHRASE,United States,enabled,3.0,10,27.37,27.37,2.737,2.737,8.402995981001096,11.9005174138006,0.000529,18873,229.99,229.99,1,1,202.62,20.0,20.0,20.0,20.0,2842.0,1848.0,0.04,74.0,16994.620000000003,0.0017870361326113,15614.679999999998,-11419.773946786405,229.65702702702703,229.65702702702703,229.65702702702703,229.65702702702703,26.24,26.24,26.24,0,1,2022-09-21 19:27:45.771,2022-09-21 19:27:45.771
13,13,2376ce440bea5f660c3a949a8fe24207,2022-06-26,A2X1DP8SAXMPTH,271851594709577,157188419817864,HTS,Air,The Hatha Company,HYDY_HTS_Amazon_Search_US_NonBrand_EVG_SP_KEY_[Purifier - HSP001]_HV,air purifier,2882575957154979,177620140515274,air purifier,PHRASE,United States,enabled,3.0,26,75.47,75.47,2.902692307692308,2.902692307692308,0.0,0.0,0.000748,34751,0.0,0.0,0,0,-75.47,24.0,24.0,24.0,24.0,3217.0,2077.0,0.04,80.0,18387.7,0.0044013117464391,18629.19,-11390.795851663406,229.84625,229.84625,229.84625,229.84625,30.44,30.44,30.44,0,1,2022-09-21 19:27:45.771,2022-09-21 19:27:45.771
14,14,68d8d172707970ddd3b2cfd72e3f7f83,2022-06-27,A2X1DP8SAXMPTH,271851594709577,157188419817864,HTS,Air,The Hatha Company,HYDY_HTS_Amazon_Search_US_NonBrand_EVG_SP_KEY_[Purifier - HSP001]_HV,air purifier,2882575957154979,177620140515274,air purifier,PHRASE,United States,enabled,3.0,14,40.33,40.33,2.880714285714286,2.880714285714286,0.0,0.0,0.000552,25347,0.0,0.0,0,0,-40.33,24.0,24.0,24.0,24.0,2766.0,1717.0,0.05,112.0,25528.88,0.0018148073867713,21159.07,-15864.826546601447,227.9364285714286,227.9364285714286,227.9364285714286,227.9364285714286,30.28,30.28,30.28,0,1,2022-09-21 19:27:45.771,2022-09-21 19:27:45.771
15,15,9d4e7aa4e0906e4f5429d935bfdbd9e5,2022-06-28,A2X1DP8SAXMPTH,271851594709577,157188419817864,HTS,Air,The Hatha Company,HYDY_HTS_Amazon_Search_US_NonBrand_EVG_SP_KEY_[Purifier - HSP001]_HV,air purifier,2882575957154979,177620140515274,air purifier,PHRASE,United States,enabled,3.0,18,53.59,53.59,2.977222222222222,2.977222222222222,0.0,0.0,0.000715,25155,0.0,0.0,0,0,-53.59,24.0,24.0,24.0,24.0,2780.0,1748.0,0.05,74.0,17019.26,0.0031487855523683,20432.97,-11071.018013333334,229.99,229.99,229.99,229.99,27.96,27.96,27.96,0,1,2022-09-21 19:27:45.771,2022-09-21 19:27:45.771
16,16,0417869f63bf29f357b1353f5d960faa,2022-06-29,A2X1DP8SAXMPTH,271851594709577,157188419817864,HTS,Air,The Hatha Company,HYDY_HTS_Amazon_Search_US_NonBrand_EVG_SP_KEY_[Purifier - HSP001]_HV,air purifier,2882575957154979,177620140515274,air purifier,PHRASE,United States,enabled,3.0,28,81.87,81.87,2.923928571428572,2.923928571428572,0.0,0.0,0.001188,23551,0.0,0.0,0,0,-81.87,17.0,17.0,17.0,17.0,3970.0,1705.0,0.05,94.0,21607.56,0.0037889516447021,18629.19,-13658.709471663406,229.8676595744681,229.8676595744681,229.8676595744681,229.8676595744681,29.43,29.43,29.43,0,1,2022-09-21 19:27:45.771,2022-09-21 19:27:45.771
17,17,b7f25e80d3b155b79fb9b04cee60c205,2022-06-30,A2X1DP8SAXMPTH,271851594709577,157188419817864,HTS,Air,The Hatha Company,HYDY_HTS_Amazon_Search_US_NonBrand_EVG_SP_KEY_[Purifier - HSP001]_HV,air purifier,2882575957154979,177620140515274,air purifier,PHRASE,United States,enabled,3.0,22,63.84,63.84,2.901818181818182,2.901818181818182,0.0,0.0,0.000835,26325,0.0,0.0,0,0,-63.84,16.0,16.0,16.0,16.0,3981.0,1736.0,0.05,85.0,19524.51,0.0037306954182204,20375.470000000005,-12044.880152630694,229.70011764705885,229.70011764705885,229.70011764705885,229.70011764705885,30.65,30.65,30.65,0,1,2022-09-21 19:27:45.771,2022-09-21 19:27:45.771
18,18,f45e75b59910a7179f2841a5c6e9858c,2022-07-01,A2X1DP8SAXMPTH,271851594709577,157188419817864,HTS,Air,The Hatha Company,HYDY_HTS_Amazon_Search_US_NonBrand_EVG_SP_KEY_[Purifier - HSP001]_HV,air purifier,2882575957154979,177620140515274,air purifier,PHRASE,United States,enabled,3.0,35,101.57,101.57,2.902,2.902,7.186767746381807,13.9144610663598,0.001249,28006,729.96,729.96,4,4,628.3900000000001,18.0,18.0,18.0,18.0,5288.0,2266.0,0.04,77.0,17684.59,0.0057434184224796,22999.000000000004,-11346.449772200587,229.67,229.67,229.67,229.67,28.67,28.67,28.67,0,1,2022-09-21 19:27:45.771,2022-09-21 19:27:45.771
19,19,f54a9433288efbc1033dd4c95b91b485,2022-07-02,A2X1DP8SAXMPTH,271851594709577,157188419817864,HTS,Air,The Hatha Company,HYDY_HTS_Amazon_Search_US_NonBrand_EVG_SP_KEY_[Purifier - HSP001]_HV,air purifier,2882575957154979,177620140515274,air purifier,PHRASE,United States,enabled,3.0,18,51.09,51.09,2.8383333333333334,2.8383333333333334,0.0,0.0,0.000628,28647,0.0,0.0,0,0,-51.09,21.0,21.0,21.0,21.0,5168.0,2159.0,0.04,93.0,21352.93,0.0027560620486275,18823.04,-12521.87022816507,229.6013978494624,229.6013978494624,229.6013978494624,229.6013978494624,33.09,33.09,33.09,0,1,2022-09-21 19:27:45.771,2022-09-21 19:27:45.771
20,20,c5e0377f6956538a30f5a49ab403367d,2022-07-03,A2X1DP8SAXMPTH,271851594709577,157188419817864,HTS,Air,The Hatha Company,HYDY_HTS_Amazon_Search_US_NonBrand_EVG_SP_KEY_[Purifier - HSP001]_HV,air purifier,2882575957154979,177620140515274,air purifier,PHRASE,United States,enabled,3.0,19,54.58,54.58,2.8726315789473684,2.8726315789473684,0.0,0.0,0.000812,23372,0.0,0.0,0,0,-54.58,23.0,23.0,23.0,23.0,4438.0,1808.0,0.05,77.0,17444.74,0.0033007084083798,21389.07,-10637.763743377314,226.55506493506496,226.55506493506496,226.55506493506496,226.55506493506496,31.22,31.22,31.22,0,1,2022-09-21 19:27:45.771,2022-09-21 19:27:45.771
21,21,29797378e8c2bc712b18e04b98ad6ecd,2022-07-04,A2X1DP8SAXMPTH,271851594709577,157188419817864,HTS,Air,The Hatha Company,HYDY_HTS_Amazon_Search_US_NonBrand_EVG_SP_KEY_[Purifier - HSP001]_HV,air purifier,2882575957154979,177620140515274,air purifier,PHRASE,United States,enabled,3.0,23,66.84,66.84,2.90608695652174,2.90608695652174,3.440903650508677,29.06213313622332,0.001183,19432,229.99,229.99,1,1,163.15,,,,,4640.0,1911.0,0.04,19.0,4369.81,0.0152958595453806,15869.31,-2718.0238464516133,229.99,229.99,229.99,229.99,37.8,37.8,37.8,0,1,2022-09-21 19:27:45.771,2022-09-21 19:27:45.771
22,22,f0e18c0225734a188f4533f71fae43ff,2022-07-05,A2X1DP8SAXMPTH,271851594709577,157188419817864,HTS,Air,The Hatha Company,HYDY_HTS_Amazon_Search_US_NonBrand_EVG_SP_KEY_[Purifier - HSP001]_HV,air purifier,2882575957154979,177620140515274,air purifier,PHRASE,United States,enabled,3.0,30,84.97,84.97,2.832333333333333,2.832333333333333,0.470636695304225,212.4781195298825,0.001277,23483,39.99,39.99,1,1,-44.98,23.0,23.0,23.0,23.0,4761.0,2076.0,0.04,121.0,27782.79,0.0030583681480513,18157.710000000003,-16372.606428079853,229.6098347107438,229.6098347107438,229.6098347107438,229.6098347107438,32.86,32.86,32.86,0,1,2022-09-21 19:27:45.771,2022-09-21 19:27:45.771
23,23,9968dbafa0b02dfd8cc2ff9fb3216404,2022-07-06,A2X1DP8SAXMPTH,271851594709577,157188419817864,HTS,Air,The Hatha Company,HYDY_HTS_Amazon_Search_US_NonBrand_EVG_SP_KEY_[Purifier - HSP001]_HV,air purifier,2882575957154979,177620140515274,air purifier,PHRASE,United States,enabled,3.0,27,75.49,75.49,2.7959259259259257,2.7959259259259257,4.635845807391708,21.57103668990742,0.001313,20560,349.96,349.96,2,4,274.47,22.0,22.0,22.0,22.0,4733.0,2064.0,0.03,87.0,19743.0,0.0044314440561211,15787.170000000002,-11651.869958487649,226.93103448275863,226.93103448275863,226.93103448275863,226.93103448275863,32.79,32.79,32.79,0,1,2022-09-21 19:27:45.771,2022-09-21 19:27:45.771
24,24,eb217550fd55657a783d547552915ff4,2022-07-07,A2X1DP8SAXMPTH,271851594709577,157188419817864,HTS,Air,The Hatha Company,HYDY_HTS_Amazon_Search_US_NonBrand_EVG_SP_KEY_[Purifier - HSP001]_HV,air purifier,2882575957154979,177620140515274,air purifier,PHRASE,United States,enabled,3.0,22,64.51,64.51,2.932272727272728,2.932272727272728,3.5651836924507827,28.049045610678725,0.001196,18394,229.99,229.99,1,1,165.48000000000002,20.0,20.0,20.0,20.0,4893.0,2086.0,0.04,109.0,25034.410000000003,0.0027793744689808,20193.12,-15492.685714328394,229.6734862385321,229.6734862385321,229.6734862385321,229.6734862385321,30.49,30.49,30.49,0,1,2022-09-21 19:27:45.771,2022-09-21 19:27:45.771
25,25,229877d968f3deea3c01fde95808199a,2022-07-08,A2X1DP8SAXMPTH,271851594709577,157188419817864,HTS,Air,The Hatha Company,HYDY_HTS_Amazon_Search_US_NonBrand_EVG_SP_KEY_[Purifier - HSP001]_HV,air purifier,2882575957154979,177620140515274,air purifier,PHRASE,United States,enabled,3.0,17,50.54,50.54,2.972941176470588,2.972941176470588,5.341907400079146,18.719905178161344,0.00101,16828,269.98,269.98,2,2,219.44000000000003,21.0,21.0,21.0,21.0,4303.0,1838.0,0.03,78.0,17927.72,0.0031465239305388,14270.805316360002,-12280.161237254804,229.84256410256413,229.84256410256413,229.84256410256413,229.84256410256413,25.2,25.2,25.2,0,1,2022-09-21 19:27:45.771,2022-09-21 19:27:45.771
26,26,784b1f33e4bd42925a75b7c9d3b07225,2022-07-09,A2X1DP8SAXMPTH,271851594709577,157188419817864,HTS,Air,The Hatha Company,HYDY_HTS_Amazon_Search_US_NonBrand_EVG_SP_KEY_[Purifier - HSP001]_HV,air purifier,2882575957154979,177620140515274,air purifier,PHRASE,United States,enabled,3.0,23,67.27,67.27,2.924782608695652,2.924782608695652,3.418908874684109,29.249097786860297,0.001208,19024,229.99,229.99,1,1,162.72000000000003,24.0,24.0,24.0,24.0,4526.0,1886.0,0.04,64.0,14531.113864250005,0.0046293767035643,22156.7326371,-9832.27321834509,227.0486541289063,227.0486541289063,227.0486541289063,227.0486541289063,25.87,25.87,25.87,0,1,2022-09-21 19:27:45.771,2022-09-21 19:27:45.771
27,27,cc6c8b328d4a7b9b10be5672f6fb4f26,2022-07-10,A2X1DP8SAXMPTH,271851594709577,157188419817864,HTS,Air,The Hatha Company,HYDY_HTS_Amazon_Search_US_NonBrand_EVG_SP_KEY_[Purifier - HSP001]_HV,air purifier,2882575957154979,177620140515274,air purifier,PHRASE,United States,enabled,3.0,24,67.79,67.79,2.824583333333333,2.824583333333333,0.0,0.0,0.000836,28703,0.0,0.0,0,0,-67.79,23.0,23.0,23.0,23.0,4849.0,2066.0,0.03,92.0,21210.8750914,0.0033374389172987,17761.025091400003,-13022.531782251614,230.55299012391305,230.55299012391305,230.55299012391305,230.55299012391305,30.88,30.88,30.88,0,1,2022-09-21 19:27:45.771,2022-09-21 19:27:45.771
28,28,2506674e1ed30982e3c8a57bf6ce5c95,2022-07-11,A2X1DP8SAXMPTH,271851594709577,157188419817864,HTS,Air,The Hatha Company,HYDY_HTS_Amazon_Search_US_NonBrand_EVG_SP_KEY_[Purifier - HSP001]_HV,air purifier,2882575957154979,177620140515274,air purifier,PHRASE,United States,enabled,3.0,29,80.25,80.25,2.7672413793103448,2.7672413793103448,5.1586292834890966,19.384994444176044,0.00085,34114,413.98,413.98,2,2,333.73,29.0,29.0,29.0,29.0,6032.0,2629.0,0.03,99.0,22596.273632800003,0.0040595189052254,17777.934359360002,-13707.387295148386,228.24518821010105,228.24518821010105,228.24518821010105,228.24518821010105,31.47,31.47,31.47,0,1,2022-09-21 19:27:45.771,2022-09-21 19:27:45.771
29,29,0b88d29c33f406d954429e33ee14ab5a,2022-07-12,A2X1DP8SAXMPTH,271851594709577,157188419817864,HTS,Air,The Hatha Company,HYDY_HTS_Amazon_Search_US_NonBrand_EVG_SP_KEY_[Purifier - HSP001]_HV,air purifier,2882575957154979,177620140515274,air purifier,PHRASE,United States,enabled,3.0,62,185.03,185.03,2.984354838709677,2.984354838709677,6.782359617359347,14.744131193523195,0.000685,90450,1254.94,1254.94,6,6,1069.91,47.0,47.0,47.0,47.0,15490.0,8710.0,0.06,108.0,24946.19514968,0.0082589749163668,133968.39151194,-15234.700944771375,230.9832884229629,230.9832884229629,230.9832884229629,230.9832884229629,31.14,31.14,31.14,0,1,2022-09-21 19:27:45.771,2022-09-21 19:27:45.771
30,30,3219b448614791008d3d05408b34128f,2022-07-13,A2X1DP8SAXMPTH,271851594709577,157188419817864,HTS,Air,The Hatha Company,HYDY_HTS_Amazon_Search_US_NonBrand_EVG_SP_KEY_[Purifier - HSP001]_HV,air purifier,2882575957154979,177620140515274,air purifier,PHRASE,United States,enabled,2.43,63,149.56,149.56,2.373968253968254,2.373968253968254,7.648635998930196,13.074226569807593,0.001083,58152,1143.93,1143.93,5,7,994.37,37.0,37.0,37.0,37.0,7965.0,4274.0,0.07,326.0,74526.28093230001,0.0020068088482217,61944.30139845,-58278.04324530652,228.60822371871168,228.60822371871168,228.60822371871168,228.60822371871168,17.44,17.44,17.44,0,1,2022-09-21 19:27:45.771,2022-09-21 19:27:45.771
31,31,1d6eb2638d305d6ba343e472115f9b92,2022-07-14,A2X1DP8SAXMPTH,271851594709577,157188419817864,HTS,Air,The Hatha Company,HYDY_HTS_Amazon_Search_US_NonBrand_EVG_SP_KEY_[Purifier - HSP001]_HV,air purifier,2882575957154979,177620140515274,air purifier,PHRASE,United States,enabled,2.43,14,33.65,33.65,2.4035714285714285,2.4035714285714285,0.0,0.0,0.001388,10085,0.0,0.0,0,0,-33.65,42.0,42.0,42.0,42.0,3869.0,1753.0,0.03,245.0,51970.4460912,0.0006474833781674,12582.00452768,-38516.23287122529,212.12426976,212.12426976,212.12426976,212.12426976,20.71,20.71,20.71,0,1,2022-09-21 19:27:45.771,2022-09-21 19:27:45.771
32,32,e155d98d10b2e78dc02e8ecdcc6ce741,2022-07-15,A2X1DP8SAXMPTH,271851594709577,157188419817864,HTS,Air,The Hatha Company,HYDY_HTS_Amazon_Search_US_NonBrand_EVG_SP_KEY_[Purifier - HSP001]_HV,air purifier,2882575957154979,177620140515274,air purifier,PHRASE,United States,enabled,2.43,13,31.09,31.09,2.3915384615384614,2.3915384615384614,0.0,0.0,0.001426,9113,0.0,0.0,0,0,-31.09,39.0,39.0,39.0,39.0,3201.0,1349.0,0.04,206.0,43382.4934337,0.0007726619045359,13589.12068674,-31686.31876502219,210.59462831893205,210.59462831893205,210.59462831893205,210.59462831893205,21.57,21.57,21.57,0,1,2022-09-21 19:27:45.771,2022-09-21 19:27:45.771
33,33,091105f456d0fa39ae5a8fe90ba9db8c,2022-07-16,A2X1DP8SAXMPTH,271851594709577,157188419817864,HTS,Air,The Hatha Company,HYDY_HTS_Amazon_Search_US_NonBrand_EVG_SP_KEY_[Purifier - HSP001]_HV,air purifier,2882575957154979,177620140515274,air purifier,PHRASE,United States,enabled,2.43,14,30.54,30.54,2.1814285714285715,2.1814285714285715,0.0,0.0,0.001412,9915,0.0,0.0,0,0,-30.54,40.0,40.0,40.0,40.0,3701.0,1573.0,0.03,97.0,19684.56329116,0.0016652642740985,11291.26664558,-13668.7145486464,202.93364217690723,202.93364217690723,202.93364217690723,202.93364217690723,24.45,24.45,24.45,0,1,2022-09-21 19:27:45.771,2022-09-21 19:27:45.771
34,34,0733cce5aefb15569a6bd72a890c8b6f,2022-07-17,A2X1DP8SAXMPTH,271851594709577,157188419817864,HTS,Air,The Hatha Company,HYDY_HTS_Amazon_Search_US_NonBrand_EVG_SP_KEY_[Purifier - HSP001]_HV,air purifier,2882575957154979,177620140515274,air purifier,PHRASE,United States,enabled,2.43,12,27.18,27.18,2.265,2.265,1.4713024282560707,67.96699174793697,0.000827,14502,39.99,39.99,1,1,12.810000000000002,39.0,39.0,39.0,39.0,3606.0,1673.0,0.03,82.0,17544.469936740003,0.0016837214294026,11532.13496837,-12361.777429097652,213.9569504480488,213.9569504480488,213.9569504480488,213.9569504480488,23.63,23.63,23.63,0,1,2022-09-21 19:27:45.771,2022-09-21 19:27:45.771
35,35,61489cf041be830e8038cbf27f127c0f,2022-07-18,A2X1DP8SAXMPTH,271851594709577,157188419817864,HTS,Air,The Hatha Company,HYDY_HTS_Amazon_Search_US_NonBrand_EVG_SP_KEY_[Purifier - HSP001]_HV,air purifier,2882575957154979,177620140515274,air purifier,PHRASE,United States,enabled,2.43,25,57.81,57.81,2.3124,2.3124,0.0,0.0,0.001403,17809,0.0,0.0,0,0,-57.81,37.0,37.0,37.0,37.0,3777.0,1668.0,0.04,83.0,18530.21328224,0.0033367128083334,16172.84328224,-13651.994548734969,223.25558171373493,223.25558171373493,223.25558171373493,223.25558171373493,21.06,21.06,21.06,0,1,2022-09-21 19:27:45.771,2022-09-21 19:27:45.771
36,36,fe3ccd6c5c57a78c055c71b3d6435099,2022-07-19,A2X1DP8SAXMPTH,271851594709577,157188419817864,HTS,Air,The Hatha Company,HYDY_HTS_Amazon_Search_US_NonBrand_EVG_SP_KEY_[Purifier - HSP001]_HV,air purifier,2882575957154979,177620140515274,air purifier,PHRASE,United States,enabled,2.43,22,51.63,51.63,2.346818181818182,2.346818181818182,0.0,0.0,0.001379,15950,0.0,0.0,0,0,-51.63,39.0,39.0,39.0,39.0,3967.0,1619.0,0.03,96.0,21072.17559235,0.0025578754203039,15029.58223694,-13885.59590648832,219.5018290869792,219.5018290869792,219.5018290869792,219.5018290869792,27.28,27.28,27.28,0,1,2022-09-21 19:27:45.771,2022-09-21 19:27:45.771
37,37,aa9e4cc26b91fbae1f48ba0a7cf2882c,2022-07-20,A2X1DP8SAXMPTH,271851594709577,157188419817864,HTS,Air,The Hatha Company,HYDY_HTS_Amazon_Search_US_NonBrand_EVG_SP_KEY_[Purifier - HSP001]_HV,air purifier,2882575957154979,177620140515274,air purifier,PHRASE,United States,enabled,2.43,17,39.5,39.5,2.323529411764706,2.323529411764706,5.8225316455696206,17.174659767815992,0.001097,15496,229.99,229.99,1,1,190.49,37.0,37.0,37.0,37.0,3936.0,1652.0,0.04,92.0,21070.84883772,0.0023345049067004,17486.77767544,-14129.51382649343,229.03096562739128,229.03096562739128,229.03096562739128,229.03096562739128,26.35,26.35,26.35,0,1,2022-09-21 19:27:45.771,2022-09-21 19:27:45.771
38,38,dedc5b766f4801ec456ec8ef4514b5a9,2022-07-21,A2X1DP8SAXMPTH,271851594709577,157188419817864,HTS,Air,The Hatha Company,HYDY_HTS_Amazon_Search_US_NonBrand_EVG_SP_KEY_[Purifier - HSP001]_HV,air purifier,2882575957154979,177620140515274,air purifier,PHRASE,United States,enabled,2.43,18,41.91,41.91,2.328333333333333,2.328333333333333,0.0,0.0,0.001062,16946,0.0,0.0,0,0,-41.91,38.0,38.0,38.0,38.0,3653.0,1607.0,0.04,60.0,13551.32117932,0.0032720056895754,15948.13676898,-10058.92481361092,225.85535298866668,225.85535298866668,225.85535298866668,225.85535298866668,20.62,20.62,20.62,0,1,2022-09-21 19:27:45.771,2022-09-21 19:27:45.771
39,39,597d387c084efea55a8442eb5a67a2c5,2022-07-22,A2X1DP8SAXMPTH,271851594709577,157188419817864,HTS,Air,The Hatha Company,HYDY_HTS_Amazon_Search_US_NonBrand_EVG_SP_KEY_[Purifier - HSP001]_HV,air purifier,2882575957154979,177620140515274,air purifier,PHRASE,United States,enabled,2.43,16,37.45,37.45,2.340625,2.340625,0.0,0.0,0.001331,12014,0.0,0.0,0,0,-37.45,31.0,31.0,31.0,31.0,3697.0,1539.0,0.05,75.0,17301.66988422,0.002695693555137,17677.289983460003,-13439.862094189526,230.6889317896,230.6889317896,230.6889317896,230.6889317896,17.86,17.86,17.86,1,1,2022-09-21 19:27:45.771,2022-09-21 19:27:45.771
40,40,71cadf3da419536d312773aa0d9a352b,2022-07-23,A2X1DP8SAXMPTH,271851594709577,157188419817864,HTS,Air,The Hatha Company,HYDY_HTS_Amazon_Search_US_NonBrand_EVG_SP_KEY_[Purifier - HSP001]_HV,air purifier,2882575957154979,177620140515274,air purifier,PHRASE,United States,enabled,2.43,28,65.71,65.71,2.3467857142857143,2.3467857142857143,0.0,0.0,0.002138,13096,0.0,0.0,0,0,-65.71,31.0,31.0,31.0,31.0,3912.0,1676.0,0.03,64.0,14712.77903631,0.0044661854730389,13865.09839385,-9879.73987591962,229.88717244234377,229.88717244234377,229.88717244234377,229.88717244234377,26.28,26.28,26.28,1,1,2022-09-21 19:27:45.771,2022-09-21 19:27:45.771
41,41,9fd3ba98b53bcf997c32b5ae7f88c093,2022-07-24,A2X1DP8SAXMPTH,271851594709577,157188419817864,HTS,Air,The Hatha Company,HYDY_HTS_Amazon_Search_US_NonBrand_EVG_SP_KEY_[Purifier - HSP001]_HV,air purifier,2882575957154979,177620140515274,air purifier,PHRASE,United States,enabled,2.43,19,42.25,42.25,2.223684210526316,2.223684210526316,5.443550295857988,18.37036392886647,0.001319,14394,229.99,229.99,1,1,187.74,29.0,29.0,29.0,29.0,4659.0,1961.0,0.04,79.0,17965.49935754,0.002730789666551,18860.819678770004,-11361.116618935126,227.41138427265824,227.41138427265824,227.41138427265824,227.41138427265824,29.41,29.41,29.41,1,1,2022-09-21 19:27:45.771,2022-09-21 19:27:45.771
42,42,2fe33f0525cda388d903cdf2c856e4ba,2022-07-25,A2X1DP8SAXMPTH,271851594709577,157188419817864,HTS,Air,The Hatha Company,HYDY_HTS_Amazon_Search_US_NonBrand_EVG_SP_KEY_[Purifier - HSP001]_HV,air purifier,2882575957154979,177620140515274,air purifier,PHRASE,United States,enabled,2.43,25,58.78,58.78,2.3512,2.3512,0.0,0.0,0.001976,12649,0.0,0.0,0,0,-58.78,28.0,28.0,28.0,28.0,2480.0,1738.0,0.03,68.0,15439.68308679,0.004104358855281,14269.995144650002,-9977.757071193691,227.05416304102943,227.05416304102943,227.05416304102943,227.05416304102943,28.3,28.3,28.3,1,1,2022-09-21 19:27:45.771,2022-09-21 19:27:45.771
43,43,9c8edca52c57a4d8ac1d6e6e7e3258ac,2022-07-26,A2X1DP8SAXMPTH,271851594709577,157188419817864,HTS,Air,The Hatha Company,HYDY_HTS_Amazon_Search_US_NonBrand_EVG_SP_KEY_[Purifier - HSP001]_HV,air purifier,2882575957154979,177620140515274,air purifier,PHRASE,United States,enabled,2.43,15,35.22,35.22,2.348,2.348,14.195627484383872,7.044422665359922,0.001417,10584,499.97,499.97,3,3,464.75,29.0,29.0,29.0,29.0,2461.0,1695.0,0.05,79.0,18177.76848716,0.0020712113275397,21495.35924358,-11104.51134890326,230.09833528050632,230.09833528050632,230.09833528050632,230.09833528050632,31.13,31.13,31.13,1,1,2022-09-21 19:27:45.771,2022-09-21 19:27:45.771
44,44,4b502a4c34c057acabef63c85f147e95,2022-07-27,A2X1DP8SAXMPTH,271851594709577,157188419817864,HTS,Air,The Hatha Company,HYDY_HTS_Amazon_Search_US_NonBrand_EVG_SP_KEY_[Purifier - HSP001]_HV,air purifier,2882575957154979,177620140515274,air purifier,PHRASE,United States,enabled,2.43,19,44.05,44.05,2.318421052631579,2.318421052631579,0.0,0.0,0.001434,13246,0.0,0.0,0,0,-44.05,31.0,31.0,31.0,31.0,2564.0,1789.0,0.04,75.0,17268.86325658,0.0029729808637194,15886.218837720002,-10757.000690608316,230.2515100877333,230.2515100877333,230.2515100877333,230.2515100877333,30.17,30.17,30.17,1,1,2022-09-21 19:27:45.771,2022-09-21 19:27:45.771
45,45,cdae7a53b9a41bf96856778fe0fda921,2022-07-28,A2X1DP8SAXMPTH,271851594709577,157188419817864,HTS,Air,The Hatha Company,HYDY_HTS_Amazon_Search_US_NonBrand_EVG_SP_KEY_[Purifier - HSP001]_HV,air purifier,2882575957154979,177620140515274,air purifier,PHRASE,United States,enabled,2.43,20,46.76,46.76,2.338,2.338,0.0,0.0,0.002128,9396,0.0,0.0,0,0,-46.76,29.0,29.0,29.0,29.0,2211.0,1566.0,0.04,72.0,16589.268207420002,0.0031966449235103,14167.38,-10209.957642223872,230.40650288083336,230.40650288083336,230.40650288083336,230.40650288083336,30.76,30.76,30.76,1,1,2022-09-21 19:27:45.771,2022-09-21 19:27:45.771
46,46,abb834ea71ab91b964f10181f13fe674,2022-07-29,A2X1DP8SAXMPTH,271851594709577,157188419817864,HTS,Air,The Hatha Company,HYDY_HTS_Amazon_Search_US_NonBrand_EVG_SP_KEY_[Purifier - HSP001]_HV,air purifier,2882575957154979,177620140515274,air purifier,PHRASE,United States,enabled,2.43,10,23.41,23.41,2.341,2.341,0.0,0.0,0.001252,7984,0.0,0.0,0,0,-23.41,29.0,29.0,29.0,29.0,1987.0,1389.0,0.04,54.0,12399.59427117,0.0020387763863191,13383.32281351,-9455.382169754412,229.6221161327778,229.6221161327778,229.6221161327778,229.6221161327778,19.0,19.0,19.0,1,1,2022-09-21 19:27:45.771,2022-09-21 19:27:45.771
47,47,898f341c108a89e12d633925935641cd,2022-07-30,A2X1DP8SAXMPTH,271851594709577,157188419817864,HTS,Air,The Hatha Company,HYDY_HTS_Amazon_Search_US_NonBrand_EVG_SP_KEY_[Purifier - HSP001]_HV,air purifier,2882575957154979,177620140515274,air purifier,PHRASE,United States,enabled,2.43,14,31.85,31.85,2.275,2.275,0.0,0.0,0.001673,8365,0.0,0.0,0,0,-31.85,35.0,35.0,35.0,35.0,2469.0,1638.0,0.03,48.0,11043.17235467,0.0031023694007195,12683.407064010002,-6769.312450905428,230.06609072229165,230.06609072229165,230.06609072229165,230.06609072229165,30.96,30.96,30.96,1,1,2022-09-21 19:27:45.771,2022-09-21 19:27:45.771
48,48,3ee4d2172af1d34cae3b82b66e309f7b,2022-07-31,A2X1DP8SAXMPTH,271851594709577,157188419817864,HTS,Air,The Hatha Company,HYDY_HTS_Amazon_Search_US_NonBrand_EVG_SP_KEY_[Purifier - HSP001]_HV,air purifier,2882575957154979,177620140515274,air purifier,PHRASE,United States,enabled,2.43,26,61.71,61.71,2.3734615384615383,2.3734615384615383,0.0,0.0,0.001761,14759,0.0,0.0,0,0,-61.71,33.0,33.0,33.0,33.0,3115.0,2077.0,0.04,75.0,17229.35941868,0.0037227153048104,18418.00470934,-9874.185551664736,229.72479224906667,229.72479224906667,229.72479224906667,229.72479224906667,34.15,34.15,34.15,1,1,2022-09-21 19:27:45.771,2022-09-21 19:27:45.771
49,49,3cfaa47a3c100407c25302536a4da4bf,2022-08-01,A2X1DP8SAXMPTH,271851594709577,157188419817864,HTS,Air,The Hatha Company,HYDY_HTS_Amazon_Search_US_NonBrand_EVG_SP_KEY_[Purifier - HSP001]_HV,air purifier,2882575957154979,177620140515274,air purifier,PHRASE,United States,enabled,2.43,15,33.9,33.9,2.26,2.26,6.784365781710915,14.739771294404102,0.001386,10817,229.99,229.99,1,1,196.09,30.0,30.0,30.0,30.0,2497.0,1648.0,0.03,75.0,17257.8590238,0.0022459332844558,11749.5990238,-11168.98444020638,230.104786984,230.104786984,230.104786984,230.104786984,28.23,28.23,28.23,1,1,2022-09-21 19:27:45.771,2022-09-21 19:27:45.771
50,50,bf1b7adf1f9bd745a37eb2d172e8cfaf,2022-08-02,A2X1DP8SAXMPTH,271851594709577,157188419817864,HTS,Air,The Hatha Company,HYDY_HTS_Amazon_Search_US_NonBrand_EVG_SP_KEY_[Purifier - HSP001]_HV,air purifier,2882575957154979,177620140515274,air purifier,PHRASE,United States,enabled,2.43,10,23.94,23.94,2.394,2.394,3.3408521303258145,29.932483120780194,0.001521,6574,79.98,79.98,1,2,56.040000000000006,36.0,36.0,36.0,36.0,1927.0,1324.0,0.04,60.0,13526.87112752,0.0021217027743844,14451.93225504,-8054.827305885607,225.44785212533333,225.44785212533333,225.44785212533333,225.44785212533333,32.36,32.36,32.36,1,1,2022-09-21 19:27:45.771,2022-09-21 19:27:45.771
51,51,24d4f6ce124a399018dd74021050c79e,2022-08-03,A2X1DP8SAXMPTH,271851594709577,157188419817864,HTS,Air,The Hatha Company,HYDY_HTS_Amazon_Search_US_NonBrand_EVG_SP_KEY_[Purifier - HSP001]_HV,air purifier,2882575957154979,177620140515274,air purifier,PHRASE,United States,enabled,2.43,6,14.13,14.13,2.355,2.355,0.0,0.0,0.001077,5566,0.0,0.0,0,0,-14.13,39.0,39.0,39.0,39.0,1731.0,1181.0,0.04,56.0,12913.5352426,0.001282375406029,12692.27143195,-8461.943520450877,230.5988436178571,230.5988436178571,230.5988436178571,230.5988436178571,27.58,27.58,27.58,1,1,2022-09-21 19:27:45.771,2022-09-21 19:27:45.771
52,52,ab8e64b08f92c0459f5e344ee95f8b3b,2022-08-04,A2X1DP8SAXMPTH,271851594709577,157188419817864,HTS,Air,The Hatha Company,HYDY_HTS_Amazon_Search_US_NonBrand_EVG_SP_KEY_[Purifier - HSP001]_HV,air purifier,2882575957154979,177620140515274,air purifier,PHRASE,United States,enabled,2.43,12,28.38,28.38,2.365,2.365,0.0,0.0,0.00178,6740,0.0,0.0,0,0,-28.38,39.0,39.0,39.0,39.0,1872.0,1264.0,0.04,49.0,11083.48309959,0.0029990572188655,10579.540000000005,-7169.02848152215,226.1935326446939,226.1935326446939,226.1935326446939,226.1935326446939,28.25,28.25,28.25,1,1,2022-09-21 19:27:45.771,2022-09-21 19:27:45.771
53,53,6c8833a0cb8949d17c3fd07792d12d50,2022-08-05,A2X1DP8SAXMPTH,271851594709577,157188419817864,HTS,Air,The Hatha Company,HYDY_HTS_Amazon_Search_US_NonBrand_EVG_SP_KEY_[Purifier - HSP001]_HV,air purifier,2882575957154979,177620140515274,air purifier,PHRASE,United States,enabled,2.43,14,35.7,35.7,2.5500000000000003,2.5500000000000003,6.442296918767506,15.522414018000784,0.001582,8849,229.99,229.99,1,1,194.29,38.0,38.0,38.0,38.0,1736.0,1196.0,0.04,44.0,9889.570000000002,0.0041114022146564,11467.14269075,-7562.685481510361,224.7629545454546,224.7629545454546,224.7629545454546,224.7629545454546,18.82,18.82,18.82,1,1,2022-09-21 19:27:45.771,2022-09-21 19:27:45.771
54,54,4e434043de9a301b748e666cf0f61a6c,2022-08-06,A2X1DP8SAXMPTH,271851594709577,157188419817864,HTS,Air,The Hatha Company,HYDY_HTS_Amazon_Search_US_NonBrand_EVG_SP_KEY_[Purifier - HSP001]_HV,air purifier,2882575957154979,177620140515274,air purifier,PHRASE,United States,enabled,2.92,21,59.89,59.89,2.8519047619047617,2.8519047619047617,0.6677241609617632,149.76244061015254,0.001443,14545,39.99,39.99,1,1,-19.9,37.0,37.0,37.0,37.0,1972.0,1301.0,0.04,50.0,11514.98742798,0.005454630358291,11743.64828532,-9576.221026547497,230.2997485596,230.2997485596,230.2997485596,230.2997485596,13.47,13.47,13.47,1,1,2022-09-21 19:27:45.771,2022-09-21 19:27:45.771
55,55,e3874e4e5d500f7b9eab9d6b5d67d66a,2022-08-07,A2X1DP8SAXMPTH,271851594709577,157188419817864,HTS,Air,The Hatha Company,HYDY_HTS_Amazon_Search_US_NonBrand_EVG_SP_KEY_[Purifier - HSP001]_HV,air purifier,2882575957154979,177620140515274,air purifier,PHRASE,United States,enabled,2.92,25,71.04,71.04,2.8416,2.8416,3.237471846846846,30.88829949128223,0.001632,15310,229.99,229.99,1,1,158.95,36.0,36.0,36.0,36.0,2037.0,1412.0,0.03,53.0,12154.97,0.0060847538085244,11320.82657064,-8220.362858364557,229.3390566037736,229.3390566037736,229.3390566037736,229.3390566037736,25.9,25.9,25.9,1,1,2022-09-21 19:27:45.771,2022-09-21 19:27:45.771
56,56,9b7929cd3a1365c7196a785d00ed8f90,2022-08-08,A2X1DP8SAXMPTH,271851594709577,157188419817864,HTS,Air,The Hatha Company,HYDY_HTS_Amazon_Search_US_NonBrand_EVG_SP_KEY_[Purifier - HSP001]_HV,air purifier,2882575957154979,177620140515274,air purifier,PHRASE,United States,enabled,2.92,21,59.47,59.47,2.8319047619047617,2.8319047619047617,0.0,0.0,0.001053,19925,0.0,0.0,0,0,-59.47,39.0,39.0,39.0,39.0,2497.0,1667.0,0.04,63.0,14034.6816583,0.0052099507334929,17674.554395450003,-9324.154577664498,222.77272473492064,222.77272473492064,222.77272473492064,222.77272473492064,26.85,26.85,26.85,1,1,2022-09-21 19:27:45.771,2022-09-21 19:27:45.771
57,57,a9017642ce5ee430bc511771fcbfa4bf,2022-08-09,A2X1DP8SAXMPTH,271851594709577,157188419817864,HTS,Air,The Hatha Company,HYDY_HTS_Amazon_Search_US_NonBrand_EVG_SP_KEY_[Purifier - HSP001]_HV,air purifier,2882575957154979,177620140515274,air purifier,PHRASE,United States,enabled,2.92,21,59.9,59.9,2.8523809523809525,2.8523809523809525,3.839565943238732,26.044610635245007,0.001167,17993,229.99,229.99,1,1,170.09,29.0,29.0,29.0,29.0,2580.0,1688.0,0.04,71.0,16321.54308728,0.003752708899671,17160.418554360003,-10380.834288973176,229.88088855323943,229.88088855323943,229.88088855323943,229.88088855323943,29.12,29.12,29.12,1,1,2022-09-21 19:27:45.771,2022-09-21 19:27:45.771
58,58,73b958102ffae7c295002ab10c63dd1e,2022-08-10,A2X1DP8SAXMPTH,271851594709577,157188419817864,HTS,Air,The Hatha Company,HYDY_HTS_Amazon_Search_US_NonBrand_EVG_SP_KEY_[Purifier - HSP001]_HV,air purifier,2882575957154979,177620140515274,air purifier,PHRASE,United States,enabled,2.92,17,46.79,46.79,2.7523529411764707,2.7523529411764707,0.0,0.0,0.00098,17339,0.0,0.0,0,0,-46.79,28.0,28.0,28.0,28.0,2565.0,1742.0,0.05,83.0,18998.56320208,0.0024628178195537,20549.7015026,-12632.763937218117,228.8983518322892,228.8983518322892,228.8983518322892,228.8983518322892,26.81,26.81,26.81,1,1,2022-09-21 19:27:45.771,2022-09-21 19:27:45.771
59,59,a792edc186684003e2d4cb09b6d44b16,2022-08-11,A2X1DP8SAXMPTH,271851594709577,157188419817864,HTS,Air,The Hatha Company,HYDY_HTS_Amazon_Search_US_NonBrand_EVG_SP_KEY_[Purifier - HSP001]_HV,air purifier,2882575957154979,177620140515274,air purifier,PHRASE,United States,enabled,2.92,23,65.09,65.09,2.83,2.83,0.0,0.0,0.001051,21881,0.0,0.0,0,0,-65.09,23.0,23.0,23.0,23.0,2655.0,1820.0,0.04,92.0,20771.418205,0.0031336329256676,16673.361575000003,-13385.662737532612,225.7762848369565,225.7762848369565,225.7762848369565,225.7762848369565,28.45,28.45,28.45,1,1,2022-09-21 19:27:45.771,2022-09-21 19:27:45.771
60,60,cbe6a64f2f20776c6c3eb29feab6f574,2022-08-12,A2X1DP8SAXMPTH,271851594709577,157188419817864,HTS,Air,The Hatha Company,HYDY_HTS_Amazon_Search_US_NonBrand_EVG_SP_KEY_[Purifier - HSP001]_HV,air purifier,2882575957154979,177620140515274,air purifier,PHRASE,United States,enabled,2.92,13,32.67,32.67,2.513076923076923,2.513076923076923,7.039791857973676,14.204965433279709,0.001214,10703,229.99,229.99,1,1,197.32,25.0,25.0,25.0,25.0,2114.0,1374.0,0.05,62.0,14197.04400362,0.0023011832598158,16232.45400362,-9582.461098065332,228.9845807035484,228.9845807035484,228.9845807035484,228.9845807035484,26.0,26.0,26.0,1,1,2022-09-21 19:27:45.771,2022-09-21 19:27:45.771
61,61,cd0519d39d9b1619534224d995822411,2022-08-13,A2X1DP8SAXMPTH,271851594709577,157188419817864,HTS,Air,The Hatha Company,HYDY_HTS_Amazon_Search_US_NonBrand_EVG_SP_KEY_[Purifier - HSP001]_HV,air purifier,2882575957154979,177620140515274,air purifier,PHRASE,United States,enabled,2.31,6,13.33,13.33,2.2216666666666667,2.2216666666666667,17.253563390847713,5.79590416974651,0.000784,7651,229.99,229.99,1,1,216.66,25.0,25.0,25.0,25.0,1564.0,1076.0,0.05,68.0,15497.706683900002,0.0010091815724095,12967.8166839,-10305.951305520144,227.9074512338236,227.9074512338236,227.9074512338236,227.9074512338236,26.8,26.8,26.8,1,1,2022-09-21 19:27:45.771,2022-09-21 19:27:45.771
62,62,781a6d64bd27da1e1766ff4aeea71399,2022-08-14,A2X1DP8SAXMPTH,271851594709577,157188419817864,HTS,Air,The Hatha Company,HYDY_HTS_Amazon_Search_US_NonBrand_EVG_SP_KEY_[Purifier - HSP001]_HV,air purifier,2882575957154979,177620140515274,air purifier,PHRASE,United States,enabled,2.31,7,15.81,15.81,2.2585714285714285,2.2585714285714285,0.0,0.0,0.000831,8419,0.0,0.0,0,0,-15.81,35.0,35.0,35.0,35.0,1714.0,1130.0,0.04,68.0,15237.626010339998,0.0010375631997577,11199.13533678,-9513.48743439028,224.08273544617649,224.08273544617649,224.08273544617649,224.08273544617649,30.05,30.05,30.05,1,1,2022-09-21 19:27:45.771,2022-09-21 19:27:45.771
63,63,12282a27f0ca108d638a4233c8a4a8d6,2022-08-15,A2X1DP8SAXMPTH,271851594709577,157188419817864,HTS,Air,The Hatha Company,HYDY_HTS_Amazon_Search_US_NonBrand_EVG_SP_KEY_[Purifier - HSP001]_HV,air purifier,2882575957154979,177620140515274,air purifier,PHRASE,United States,enabled,2.31,9,20.1,20.1,2.2333333333333334,2.2333333333333334,0.0,0.0,0.000925,9722,0.0,0.0,0,0,-20.1,39.0,39.0,39.0,39.0,1575.0,1043.0,0.05,55.0,12653.0948419,0.0017711081976395,12883.084841900005,-8864.684867645936,230.05626985272727,230.05626985272727,230.05626985272727,230.05626985272727,23.95,23.95,23.95,1,1,2022-09-21 19:27:45.771,2022-09-21 19:27:45.771
64,64,02925d96b78fb3a79716ba87dfce0732,2022-08-16,A2X1DP8SAXMPTH,271851594709577,157188419817864,HTS,Air,The Hatha Company,HYDY_HTS_Amazon_Search_US_NonBrand_EVG_SP_KEY_[Purifier - HSP001]_HV,air purifier,2882575957154979,177620140515274,air purifier,PHRASE,United States,enabled,2.31,2,4.44,4.44,2.22,2.22,51.799549549549546,1.9305187182051395,0.000231,8622,229.99,229.99,1,1,225.55,35.0,35.0,35.0,35.0,1537.0,993.0,0.05,46.0,10568.04,0.0004201346701942,12654.8748742,-7813.36895388599,229.74,229.74,229.74,229.74,20.85,20.85,20.85,1,1,2022-09-21 19:27:45.771,2022-09-21 19:27:45.771
65,65,71df9f4e340603d666074ae692b2e507,2022-08-17,A2X1DP8SAXMPTH,271851594709577,157188419817864,HTS,Air,The Hatha Company,HYDY_HTS_Amazon_Search_US_NonBrand_EVG_SP_KEY_[Purifier - HSP001]_HV,air purifier,2882575957154979,177620140515274,air purifier,PHRASE,United States,enabled,2.31,12,26.44,26.44,2.2033333333333336,2.2033333333333336,0.0,0.0,0.001431,8382,0.0,0.0,0,0,-26.44,33.0,33.0,33.0,33.0,1504.0,961.0,0.06,75.0,16785.995657760002,0.001575122533037,13756.69282888,-10942.806285202563,223.81327543680004,223.81327543680004,223.81327543680004,223.81327543680004,27.85,27.85,27.85,1,1,2022-09-21 19:27:45.771,2022-09-21 19:27:45.771
66,66,8bec42eeb16dbafac39c39a085e8bdde,2022-08-18,A2X1DP8SAXMPTH,271851594709577,157188419817864,HTS,Air,The Hatha Company,HYDY_HTS_Amazon_Search_US_NonBrand_EVG_SP_KEY_[Purifier - HSP001]_HV,air purifier,2882575957154979,177620140515274,air purifier,PHRASE,United States,enabled,2.31,10,22.06,22.06,2.206,2.206,10.425657298277429,9.5917213791904,0.001299,7694,229.99,229.99,1,1,207.93,33.0,33.0,33.0,33.0,1524.0,976.0,0.05,47.0,10800.14129175,0.0020425658705827,12177.97,-8230.648238511152,229.79024025,229.79024025,229.79024025,229.79024025,19.03,19.03,19.03,1,1,2022-09-21 19:27:45.771,2022-09-21 19:27:45.771
67,67,9ed70830f354f590cef5214c83e427cd,2022-08-19,A2X1DP8SAXMPTH,271851594709577,157188419817864,HTS,Air,The Hatha Company,HYDY_HTS_Amazon_Search_US_NonBrand_EVG_SP_KEY_[Purifier - HSP001]_HV,air purifier,2882575957154979,177620140515274,air purifier,PHRASE,United States,enabled,2.31,3,6.9,6.9,2.3000000000000003,2.3000000000000003,0.0,0.0,0.000452,6634,0.0,0.0,0,0,-6.9,31.0,31.0,31.0,31.0,1378.0,916.0,0.04,36.0,8279.64,0.0011123672043712,8027.656697920001,-7406.879284497278,229.99,229.99,229.99,229.99,8.43,8.43,8.43,1,1,2022-09-21 19:27:45.771,2022-09-21 19:27:45.771
68,68,4a1185c7d1b346e03937ec0ea0df36f7,2022-08-20,A2X1DP8SAXMPTH,271851594709577,157188419817864,HTS,Air,The Hatha Company,HYDY_HTS_Amazon_Search_US_NonBrand_EVG_SP_KEY_[Purifier - HSP001]_HV,air purifier,2882575957154979,177620140515274,air purifier,PHRASE,United States,enabled,2.31,10,22.46,22.46,2.246,2.246,0.0,0.0,0.000905,11045,0.0,0.0,0,0,-22.46,35.0,35.0,35.0,35.0,1734.0,1156.0,0.03,39.0,8956.725610849999,0.0025076128236855,9174.96,-5717.402086793599,229.65963104743585,229.65963104743585,229.65963104743585,229.65963104743585,28.93,28.93,28.93,1,1,2022-09-21 19:27:45.771,2022-09-21 19:27:45.771
69,69,476e754b65b73a5f1736c35d88b10821,2022-08-21,A2X1DP8SAXMPTH,271851594709577,157188419817864,HTS,Air,The Hatha Company,HYDY_HTS_Amazon_Search_US_NonBrand_EVG_SP_KEY_[Purifier - HSP001]_HV,air purifier,2882575957154979,177620140515274,air purifier,PHRASE,United States,enabled,2.31,21,46.24,46.24,2.201904761904762,2.201904761904762,0.0,0.0,0.001796,11687,0.0,0.0,0,0,-46.24,34.0,34.0,34.0,34.0,2376.0,1528.0,0.04,48.0,11016.775610850002,0.0041972353466526,14076.668054249998,-6733.230969477923,229.51615855937504,229.51615855937504,229.51615855937504,229.51615855937504,31.11,31.11,31.11,1,1,2022-09-21 19:27:45.771,2022-09-21 19:27:45.771
70,70,9cd952bfe7b461be934848c3b97af9a7,2022-08-22,A2X1DP8SAXMPTH,271851594709577,157188419817864,HTS,Air,The Hatha Company,HYDY_HTS_Amazon_Search_US_NonBrand_EVG_SP_KEY_[Purifier - HSP001]_HV,air purifier,2882575957154979,177620140515274,air purifier,PHRASE,United States,enabled,1.96,17,32.91,32.91,1.935882352941176,1.935882352941176,17.820419325433,5.611540232236942,0.001318,12897,586.47,586.47,3,3,553.5600000000001,36.0,36.0,36.0,36.0,2360.0,1526.0,0.06,58.0,12962.3796446,0.0026900924796263,17974.995511200003,-7531.448741515939,223.48930421724137,223.48930421724137,223.48930421724137,223.48930421724137,33.52,33.52,33.52,1,1,2022-09-21 19:27:45.771,2022-09-22 00:16:11.642
71,71,588d622294701ddc951a5d147ab8c3a8,2022-08-23,A2X1DP8SAXMPTH,271851594709577,157188419817864,HTS,Air,The Hatha Company,HYDY_HTS_Amazon_Search_US_NonBrand_EVG_SP_KEY_[Purifier - HSP001]_HV,air purifier,2882575957154979,177620140515274,air purifier,PHRASE,United States,enabled,1.96,19,35.98,35.98,1.893684210526316,1.893684210526316,0.0,0.0,0.001855,10238,0.0,0.0,0,0,-35.98,28.0,28.0,28.0,28.0,2119.0,1437.0,0.04,82.0,16397.533178899997,0.0022936376825506,12752.521589449998,-11418.455052910189,199.9699168158536,199.9699168158536,199.9699168158536,199.9699168158536,24.29,24.29,24.29,1,1,2022-09-21 19:27:45.771,2022-09-22 00:16:11.642
72,72,feaa28be1241ac97f89acf8060800c66,2022-08-24,A2X1DP8SAXMPTH,271851594709577,157188419817864,HTS,Air,The Hatha Company,HYDY_HTS_Amazon_Search_US_NonBrand_EVG_SP_KEY_[Purifier - HSP001]_HV,air purifier,2882575957154979,177620140515274,air purifier,PHRASE,United States,enabled,1.96,11,21.21,21.21,1.9281818181818184,1.9281818181818184,9.216878830740216,10.84965982914727,0.001056,10408,195.49,195.49,1,1,174.28,28.0,28.0,28.0,28.0,1940.0,1300.0,0.05,89.0,17572.111626399997,0.0012070262499433,13536.3074396,-12004.045133957146,197.43945647640447,197.43945647640447,197.43945647640447,197.43945647640447,25.35,25.35,25.35,1,1,2022-09-21 19:27:45.771,2022-09-22 00:16:11.642
73,73,da0968dba74238c16f9ca06c3bba2600,2022-08-25,A2X1DP8SAXMPTH,271851594709577,157188419817864,HTS,Air,The Hatha Company,HYDY_HTS_Amazon_Search_US_NonBrand_EVG_SP_KEY_[Purifier - HSP001]_HV,air purifier,2882575957154979,177620140515274,air purifier,PHRASE,United States,enabled,1.96,12,21.27,21.27,1.7725,1.7725,0.0,0.0,0.000957,12530,0.0,0.0,0,0,-21.27,31.0,31.0,31.0,31.0,2073.0,1372.0,0.04,62.0,12332.420550439996,0.0018836529215808,11650.59018348,-9430.171619552008,198.91000887806445,198.91000887806445,198.91000887806445,198.91000887806445,18.83,18.83,18.83,1,1,2022-09-21 19:27:45.771,2022-09-22 00:16:11.642
74,74,23fb4cae8fbb3cef15cf6f933fc8130e,2022-08-26,A2X1DP8SAXMPTH,271851594709577,157188419817864,HTS,Air,The Hatha Company,HYDY_HTS_Amazon_Search_US_NonBrand_EVG_SP_KEY_[Purifier - HSP001]_HV,air purifier,2882575957154979,177620140515274,air purifier,PHRASE,United States,enabled,1.96,88,266.57,266.57,3.029204545454545,3.029204545454545,1.466706681171925,68.17995805412042,0.001434,61335,390.98,390.98,2,2,124.41000000000004,31.0,31.0,31.0,31.0,2147.0,1473.0,0.04,58.0,11372.92,0.0237027957639726,12754.13455608,-8140.548187941722,196.0848275862069,196.0848275862069,196.0848275862069,196.0848275862069,22.74,22.74,22.74,1,1,2022-09-21 19:27:45.771,2022-09-22 00:16:11.642
75,75,5952bd98a0fa4189e2148015b98a27aa,2022-08-27,A2X1DP8SAXMPTH,271851594709577,157188419817864,HTS,Air,The Hatha Company,HYDY_HTS_Amazon_Search_US_NonBrand_EVG_SP_KEY_[Purifier - HSP001]_HV,air purifier,2882575957154979,177620140515274,air purifier,PHRASE,United States,enabled,3.25,116,362.43,362.43,3.124396551724138,3.124396551724138,1.0553486190436774,94.7554184423122,0.001081,107253,382.49,382.49,1,1,20.06,28.0,28.0,28.0,28.0,2478.0,1658.0,0.04,62.0,12301.957345119998,0.0305081532532609,12888.427345119995,-8690.618821103551,198.41866685677417,198.41866685677417,198.41866685677417,198.41866685677417,23.48,23.48,23.48,1,1,2022-09-21 19:27:45.771,2022-09-22 00:16:11.642
76,76,8655ea76bc6a7956e8b09c2239d9a143,2022-08-28,A2X1DP8SAXMPTH,271851594709577,157188419817864,HTS,Air,The Hatha Company,HYDY_HTS_Amazon_Search_US_NonBrand_EVG_SP_KEY_[Purifier - HSP001]_HV,air purifier,2882575957154979,177620140515274,air purifier,PHRASE,United States,enabled,3.25,115,361.17,361.17,3.140608695652174,3.140608695652174,1.6238059639504945,61.58371272187836,0.001072,107249,586.47,586.47,3,3,225.3,27.0,27.0,27.0,27.0,2623.0,1720.0,0.04,65.0,12797.63867256,0.0289709695269771,13188.618672559998,-8371.425348208184,196.88674880861527,196.88674880861527,196.88674880861527,196.88674880861527,27.67,27.67,27.67,1,1,2022-09-21 19:27:45.771,2022-09-22 00:16:11.642
77,77,d40248e886b4e30824adbe7a2b404250,2022-08-29,A2X1DP8SAXMPTH,271851594709577,157188419817864,HTS,Air,The Hatha Company,HYDY_HTS_Amazon_Search_US_NonBrand_EVG_SP_KEY_[Purifier - HSP001]_HV,air purifier,2882575957154979,177620140515274,air purifier,PHRASE,United States,enabled,3.25,77,238.96,238.96,3.103376623376624,3.103376623376624,2.887387010378306,34.63338985753004,0.000924,83308,689.97,689.97,3,3,451.01,28.0,28.0,28.0,28.0,1823.0,1199.0,0.03,44.0,8887.852103459998,0.028533328080614,9658.37210346,-5575.350805678779,201.996638715,201.996638715,201.996638715,201.996638715,29.82,29.82,29.82,1,1,2022-09-21 19:27:45.771,2022-09-22 00:16:11.642
78,78,452d817ab0b4aa2698a9a4183f4bfa2e,2022-08-30,A2X1DP8SAXMPTH,271851594709577,157188419817864,HTS,Air,The Hatha Company,HYDY_HTS_Amazon_Search_US_NonBrand_EVG_SP_KEY_[Purifier - HSP001]_HV,air purifier,2882575957154979,177620140515274,air purifier,PHRASE,United States,enabled,3.25,83,254.48,254.48,3.066024096385542,3.066024096385542,0.0,0.0,0.001003,82703,0.0,0.0,0,0,-254.48,32.0,32.0,32.0,32.0,1617.0,1093.0,0.04,49.0,10845.131013269998,0.0245972132262482,10546.908355449998,-7380.071346693108,221.32920435244893,221.32920435244893,221.32920435244893,221.32920435244893,25.56,25.56,25.56,1,1,2022-09-21 19:27:45.771,2022-09-22 00:16:11.642
79,79,dedac8b3043b6da709bcdf7925b9fc60,2022-08-31,A2X1DP8SAXMPTH,271851594709577,157188419817864,HTS,Air,The Hatha Company,HYDY_HTS_Amazon_Search_US_NonBrand_EVG_SP_KEY_[Purifier - HSP001]_HV,air purifier,2882575957154979,177620140515274,air purifier,PHRASE,United States,enabled,3.25,66,204.45,204.45,3.0977272727272727,3.0977272727272727,4.255123502078749,23.50108050944871,0.00091,72497,869.96,869.96,3,4,665.51,39.0,39.0,39.0,39.0,1559.0,1048.0,0.04,66.0,14103.397793099995,0.015643747927747,8049.649999999998,-9515.656038730993,213.68784534999992,213.68784534999992,213.68784534999992,213.68784534999992,26.02,26.02,26.02,1,1,2022-09-21 19:27:45.771,2022-09-22 00:16:11.642
80,80,031e7e2fc2e57683517bbcecedd89a07,2022-09-01,A2X1DP8SAXMPTH,271851594709577,157188419817864,HTS,Air,The Hatha Company,HYDY_HTS_Amazon_Search_US_NonBrand_EVG_SP_KEY_[Purifier - HSP001]_HV,air purifier,2882575957154979,177620140515274,air purifier,PHRASE,United States,enabled,3.25,76,240.83,240.83,3.1688157894736846,3.1688157894736846,1.5777934642694016,63.37965156060845,0.000915,82977,379.98,379.98,1,2,139.15,47.0,47.0,47.0,47.0,1772.0,1192.0,0.03,27.0,6209.73,0.0396989885228504,8058.08767852,-4261.528723333333,229.99,229.99,229.99,229.99,25.1,25.1,25.1,1,1,2022-09-21 19:27:45.771,2022-09-22 00:16:11.642
81,81,f92155a298bb3660d837046c387e1e6b,2022-09-02,A2X1DP8SAXMPTH,271851594709577,157188419817864,HTS,Air,The Hatha Company,HYDY_HTS_Amazon_Search_US_NonBrand_EVG_SP_KEY_[Purifier - HSP001]_HV,air purifier,2882575957154979,177620140515274,air purifier,PHRASE,United States,enabled,3.25,58,179.31,179.31,3.091551724137931,3.091551724137931,6.608276169761865,15.13253947490569,0.000977,59358,1184.93,1184.93,7,7,1005.62,48.0,48.0,48.0,48.0,1596.0,1050.0,0.02,33.0,7299.512049959999,0.0254469064135619,5307.434099919999,-5773.081876140434,221.19733484727269,221.19733484727269,221.19733484727269,221.19733484727269,16.73,16.73,16.73,1,1,2022-09-21 19:27:45.771,2022-09-22 00:16:11.642
82,82,a416b69de1a81bd99a39576d37996d31,2022-09-03,A2X1DP8SAXMPTH,271851594709577,157188419817864,HTS,Air,The Hatha Company,HYDY_HTS_Amazon_Search_US_NonBrand_EVG_SP_KEY_[Purifier - HSP001]_HV,air purifier,2882575957154979,177620140515274,air purifier,PHRASE,United States,enabled,3.25,58,182.66,182.66,3.1493103448275863,3.1493103448275863,0.0,0.0,0.000859,67476,0.0,0.0,0,0,-182.66,57.0,57.0,57.0,57.0,1969.0,1307.0,0.03,27.0,6193.405275639999,0.0330383675689389,8256.640000000001,-4032.795633096884,229.3853805792592,229.3853805792592,229.3853805792592,229.3853805792592,27.91,27.91,27.91,1,1,2022-09-21 19:27:45.771,2022-09-22 00:16:11.642
83,83,194dbd19c8971111523e9276f62c2ff6,2022-09-04,A2X1DP8SAXMPTH,271851594709577,157188419817864,HTS,Air,The Hatha Company,HYDY_HTS_Amazon_Search_US_NonBrand_EVG_SP_KEY_[Purifier - HSP001]_HV,air purifier,2882575957154979,177620140515274,air purifier,PHRASE,United States,enabled,3.25,85,267.04,267.04,3.141647058823529,3.141647058823529,2.284189634511684,43.779202255848645,0.000992,85660,609.97,609.97,2,3,342.93,53.0,53.0,53.0,53.0,2203.0,1486.0,0.02,30.0,6885.787637819999,0.0406518491018437,8086.000551279999,-4174.248880713478,229.526254594,229.526254594,229.526254594,229.526254594,31.5,31.5,31.5,1,1,2022-09-21 19:27:45.771,2022-09-22 00:16:11.642
84,84,92b1e2cd7e2a5beb5bc02932e1b376fb,2022-09-05,A2X1DP8SAXMPTH,271851594709577,157188419817864,HTS,Air,The Hatha Company,HYDY_HTS_Amazon_Search_US_NonBrand_EVG_SP_KEY_[Purifier - HSP001]_HV,air purifier,2882575957154979,177620140515274,air purifier,PHRASE,United States,enabled,3.25,105,327.44,327.44,3.11847619047619,3.11847619047619,0.8245174688492549,121.2830580042966,0.000806,130153,269.98,269.98,2,2,-57.45999999999998,47.0,47.0,47.0,47.0,2685.0,1768.0,0.04,37.0,8536.18361005,0.0402334363562252,15156.61361005,-5313.043051650001,230.7076651364865,230.7076651364865,230.7076651364865,230.7076651364865,30.21,30.21,30.21,1,1,2022-09-21 19:27:45.771,2022-09-22 00:16:11.642
85,85,c2c6ef7b89c119da5bdf307b93940af6,2022-09-06,A2X1DP8SAXMPTH,271851594709577,157188419817864,HTS,Air,The Hatha Company,HYDY_HTS_Amazon_Search_US_NonBrand_EVG_SP_KEY_[Purifier - HSP001]_HV,air purifier,2882575957154979,177620140515274,air purifier,PHRASE,United States,enabled,3.25,78,243.81,243.81,3.125769230769231,3.125769230769231,1.886633033919856,53.00447845558502,0.000846,92194,459.98,459.98,2,2,216.17,38.0,38.0,38.0,38.0,1878.0,1228.0,0.03,55.0,12603.142384329998,0.0203290570071283,7804.22412811,-7136.357391135416,229.1480433514545,229.1480433514545,229.1480433514545,229.1480433514545,34.7,34.7,34.7,1,1,2022-09-21 19:27:45.771,2022-09-22 00:16:11.642
86,86,d3ecce01080d1e38db3365b821a2460d,2022-09-07,A2X1DP8SAXMPTH,271851594709577,157188419817864,HTS,Air,The Hatha Company,HYDY_HTS_Amazon_Search_US_NonBrand_EVG_SP_KEY_[Purifier - HSP001]_HV,air purifier,2882575957154979,177620140515274,air purifier,PHRASE,United States,enabled,3.25,100,309.4,309.4,3.094,3.094,1.4866839043309634,67.26379407800339,0.001022,97817,459.98,459.98,2,2,150.58000000000004,45.0,45.0,45.0,45.0,1809.0,1190.0,0.05,57.0,12666.64185896,0.0246379429903312,15143.08371792,-7483.170873493334,222.22178699929825,222.22178699929825,222.22178699929825,222.22178699929825,32.74,32.74,32.74,1,1,2022-09-21 19:27:45.771,2022-09-22 00:16:11.642
87,87,37bf1469194a097da73bce19c8372f33,2022-09-08,A2X1DP8SAXMPTH,271851594709577,157188419817864,HTS,Air,The Hatha Company,HYDY_HTS_Amazon_Search_US_NonBrand_EVG_SP_KEY_[Purifier - HSP001]_HV,air purifier,2882575957154979,177620140515274,air purifier,PHRASE,United States,enabled,3.25,78,239.41,239.41,3.069358974358974,3.069358974358974,0.0,0.0,0.000877,88923,0.0,0.0,0,0,-239.41,31.0,31.0,31.0,31.0,1714.0,1107.0,0.04,47.0,10811.92024687,0.0224437467590689,10082.57008229,-6551.549282227362,230.04085631638296,230.04085631638296,230.04085631638296,230.04085631638296,31.52,31.52,31.52,1,1,2022-09-21 19:27:45.771,2022-09-22 00:16:11.642
88,88,80c3e4f1845680c2e118023e9db2e3d8,2022-09-09,A2X1DP8SAXMPTH,271851594709577,157188419817864,HTS,Air,The Hatha Company,HYDY_HTS_Amazon_Search_US_NonBrand_EVG_SP_KEY_[Purifier - HSP001]_HV,air purifier,2882575957154979,177620140515274,air purifier,PHRASE,United States,enabled,3.25,88,278.04,278.04,3.1595454545454547,3.1595454545454547,0.0,0.0,0.001188,74073,0.0,0.0,0,0,-278.04,40.0,40.0,40.0,40.0,1679.0,1172.0,0.03,54.0,12373.738846109998,0.0224701687548068,8956.74884611,-7078.741449320362,229.14331196499995,229.14331196499995,229.14331196499995,229.14331196499995,34.23,34.23,34.23,1,1,2022-09-21 19:27:45.771,2022-09-22 00:16:11.642
89,89,095fdf3a9ff6285fe510b935acca975b,2022-09-10,A2X1DP8SAXMPTH,271851594709577,157188419817864,HTS,Air,The Hatha Company,HYDY_HTS_Amazon_Search_US_NonBrand_EVG_SP_KEY_[Purifier - HSP001]_HV,air purifier,2882575957154979,177620140515274,air purifier,PHRASE,United States,enabled,3.25,116,362.0,362.0,3.1206896551724137,3.1206896551724137,2.983038674033149,33.52286407497269,0.00115,100830,1079.86,1079.86,3,8,717.8599999999999,44.0,44.0,44.0,44.0,2748.0,1771.0,0.04,33.0,7566.649999999998,0.0495595805277104,17684.49,-5129.095833759705,229.29242424242412,229.29242424242412,229.29242424242412,229.29242424242412,25.77,25.77,25.77,1,1,2022-09-21 19:27:45.771,2022-09-22 00:16:11.642
90,90,28c60c2d0bf780eb7d285027fa288235,2022-09-11,A2X1DP8SAXMPTH,271851594709577,157188419817864,HTS,Air,The Hatha Company,HYDY_HTS_Amazon_Search_US_NonBrand_EVG_SP_KEY_[Purifier - HSP001]_HV,air purifier,2882575957154979,177620140515274,air purifier,PHRASE,United States,enabled,3.25,117,363.88,363.88,3.11008547008547,3.11008547008547,2.5831592832802026,38.71228562917571,0.001046,111757,939.96,939.96,4,4,576.08,35.0,35.0,35.0,35.0,3362.0,2251.0,0.03,67.0,15406.43785386,0.0242515501340492,15233.063561579997,-8673.888136524029,229.94683363970148,229.94683363970148,229.94683363970148,229.94683363970148,34.96,34.96,34.96,1,1,2022-09-21 19:27:45.771,2022-09-22 00:16:11.642
91,91,2886548400f684f592b2a6186b7b0ece,2022-09-12,A2X1DP8SAXMPTH,271851594709577,157188419817864,HTS,Air,The Hatha Company,HYDY_HTS_Amazon_Search_US_NonBrand_EVG_SP_KEY_[Purifier - HSP001]_HV,air purifier,2882575957154979,177620140515274,air purifier,PHRASE,United States,enabled,3.25,85,266.35,266.35,3.133529411764706,3.133529411764706,2.89078280458044,34.59270611460335,0.001203,70648,769.96,769.96,4,4,503.61,36.0,36.0,36.0,36.0,2205.0,1503.0,0.03,67.0,15479.849603,0.0182559913208221,12178.7698015,-9105.001597478238,231.0425313880597,231.0425313880597,231.0425313880597,231.0425313880597,32.95,32.95,32.95,1,1,2022-09-21 19:27:45.771,2022-09-22 00:16:11.642
92,92,7b5c6830cbed9c3e4eb6e52c319eb1c6,2022-09-13,A2X1DP8SAXMPTH,271851594709577,157188419817864,HTS,Air,The Hatha Company,HYDY_HTS_Amazon_Search_US_NonBrand_EVG_SP_KEY_[Purifier - HSP001]_HV,air purifier,2882575957154979,177620140515274,air purifier,PHRASE,United States,enabled,3.25,52,164.18,164.18,3.1573076923076924,3.1573076923076924,0.0,0.0,0.001003,51815,0.0,0.0,0,0,-164.18,38.0,38.0,38.0,38.0,1784.0,1191.0,0.04,66.0,14881.51369292,0.011250871615275,12535.137385839998,-8507.177986960578,225.4774801957576,225.4774801957576,225.4774801957576,225.4774801957576,34.27,34.27,34.27,1,1,2022-09-21 19:27:45.771,2022-09-22 00:16:11.642
93,93,d7c86ce3564ba0d5e26e5957ec6750c1,2022-09-14,A2X1DP8SAXMPTH,271851594709577,157188419817864,HTS,Air,The Hatha Company,HYDY_HTS_Amazon_Search_US_NonBrand_EVG_SP_KEY_[Purifier - HSP001]_HV,air purifier,2882575957154979,177620140515274,air purifier,PHRASE,United States,enabled,3.25,73,229.03,229.03,3.1373972602739726,3.1373972602739726,1.353403484259704,73.88779559312191,0.00104,70132,309.97,309.97,2,3,80.94000000000003,37.0,37.0,37.0,37.0,1667.0,1131.0,0.06,80.0,18347.153844120003,0.0124831350925528,16786.1548701,-11915.050823348793,229.33942305150003,229.33942305150003,229.33942305150003,229.33942305150003,28.05,28.05,28.05,1,1,2022-09-21 19:27:45.771,2022-09-22 00:16:11.642
94,94,2b2c2ac5fdba42f034b505a8ff7279ef,2022-09-15,A2X1DP8SAXMPTH,271851594709577,157188419817864,HTS,Air,The Hatha Company,HYDY_HTS_Amazon_Search_US_NonBrand_EVG_SP_KEY_[Purifier - HSP001]_HV,air purifier,2882575957154979,177620140515274,air purifier,PHRASE,United States,enabled,3.25,52,164.36,164.36,3.160769230769231,3.160769230769231,1.3993064005840836,71.4639766946389,0.001014,51267,229.99,229.99,1,1,65.63,39.0,39.0,39.0,39.0,1631.0,1039.0,0.03,52.0,11819.32934648,0.0141810076601272,8819.58934648,-7131.213192954968,227.29479512461532,227.29479512461532,227.29479512461532,227.29479512461532,31.73,31.73,31.73,1,1,2022-09-21 19:27:45.771,2022-09-22 00:16:11.642
95,95,be1a353f86b3adb1ed49daf6b0012027,2022-09-16,A2X1DP8SAXMPTH,271851594709577,157188419817864,HTS,Air,The Hatha Company,HYDY_HTS_Amazon_Search_US_NonBrand_EVG_SP_KEY_[Purifier - HSP001]_HV,air purifier,2882575957154979,177620140515274,air purifier,PHRASE,United States,enabled,3.25,46,143.44,143.44,3.1182608695652174,3.1182608695652174,3.625,27.58620689655172,0.001077,42706,519.97,519.97,3,3,376.53,41.0,41.0,41.0,41.0,1466.0,968.0,0.05,35.0,8050.521616479999,0.0182211795692486,10460.67371236,-5265.897215497361,230.014903328,230.014903328,230.014903328,230.014903328,27.67,27.67,27.67,1,1,2022-09-21 19:27:45.771,2022-09-22 00:16:11.642
96,96,fbe1bfc3b9d860300ee63719d7e44e91,2022-09-17,A2X1DP8SAXMPTH,271851594709577,157188419817864,HTS,Air,The Hatha Company,HYDY_HTS_Amazon_Search_US_NonBrand_EVG_SP_KEY_[Purifier - HSP001]_HV,air purifier,2882575957154979,177620140515274,air purifier,PHRASE,United States,enabled,3.25,47,148.48,148.48,3.1591489361702125,3.1591489361702125,3.2326239224137936,30.93462227592816,0.000937,50130,479.98,479.98,2,2,331.5,,,,,1570.0,1053.0,0.03,35.0,7787.147404939999,0.0194461453116883,8509.619999999999,-4966.455767560289,222.48992585542857,222.48992585542857,222.48992585542857,222.48992585542857,36.22,36.22,36.22,1,1,2022-09-21 19:27:45.771,2022-09-22 00:16:11.642
97,97,9793cf8c656afab04c83cf027945a5d9,2022-09-18,A2X1DP8SAXMPTH,271851594709577,157188419817864,HTS,Air,The Hatha Company,HYDY_HTS_Amazon_Search_US_NonBrand_EVG_SP_KEY_[Purifier - HSP001]_HV,air purifier,2882575957154979,177620140515274,air purifier,PHRASE,United States,enabled,3.25,65,202.5,202.5,3.1153846153846154,3.1153846153846154,1.2345185185185186,81.00324012960517,0.000938,69255,249.99,249.99,1,1,47.49000000000001,,,,,1715.0,1137.0,0.03,48.0,10356.263702470002,0.0201790921903772,8516.363702469996,-6363.414825257672,215.7554938014584,215.7554938014584,215.7554938014584,215.7554938014584,38.55,38.55,38.55,1,1,2022-09-21 19:27:45.771,2022-09-22 00:16:11.642
98,98,e03cb9c05cfc150f47dd088c3625db67,2022-09-19,A2X1DP8SAXMPTH,271851594709577,157188419817864,HTS,Air,The Hatha Company,HYDY_HTS_Amazon_Search_US_NonBrand_EVG_SP_KEY_[Purifier - HSP001]_HV,air purifier,2882575957154979,177620140515274,air purifier,PHRASE,United States,enabled,3.25,67,209.52,209.52,3.127164179104478,3.127164179104478,0.0,0.0,0.001124,59571,0.0,0.0,0,0,-209.52,,,,,1534.0,1023.0,0.03,50.0,11367.24364432,0.0187178182026842,9239.78551024,-6962.078921347536,227.3448728864,227.3448728864,227.3448728864,227.3448728864,38.75,38.75,38.75,1,1,2022-09-21 19:27:45.771,2022-09-22 00:16:11.642
99,99,a8702fa178437c966a6aa354ad55d2f4,2022-09-20,A2X1DP8SAXMPTH,271851594709577,157188419817864,HTS,Air,The Hatha Company,HYDY_HTS_Amazon_Search_US_NonBrand_EVG_SP_KEY_[Purifier - HSP001]_HV,air purifier,2882575957154979,177620140515274,air purifier,PHRASE,United States,enabled,3.25,69,215.79,215.79,3.127391304347826,3.127391304347826,0.0,0.0,0.000922,74824,0.0,0.0,0,0,-215.79,,,,,,,,41.0,9145.84476104,0.0242295824814329,6223.11238052,-6425.202771346877,223.06938441560976,223.06938441560976,223.06938441560976,223.06938441560976,29.75,29.75,29.75,1,1,2022-09-21 19:27:45.771,2022-09-22 00:16:11.642
